,Unnamed: 0,Date,Broke Lock,Time of Peak,Vert. Vel.,Horiz. Vel.,Ratio V/H,Time of Lost Lock (LL),LL Vert. Vel.,LL Horiz. Vel.
0,0,2019-04-01 03:23:00,No,1238124198,153.99911,303.66337432476524,0.507137583985678,-,-,-
1,1,2019-04-01 09:43:00,No,1238146998,156.16837,335.3542138948208,0.4656818478177228,-,-,-
2,2,2019-04-01 20:07:00,No,1238184438,285.32315,517.7987380948841,0.5510309875411784,-,-,-
3,3,2019-04-02 22:23:00,Yes,1238278998,6817.9307,15239.03487874941,0.4473991138052643,1238277798,681.04767,1787.3561621094157
4,4,2019-04-03 03:09:00,No,1238296158,144.43826,386.8581660267454,0.3733623138512586,-,-,-
5,5,2019-04-05 16:43:00,Yes,1238517798,529.9719,1110.5395421217167,0.477220197839578,1238517738,479.0732,912.6781847546127
6,6,2019-04-05 19:07:00,Yes,1238526438,970.53723,1651.4700493649657,0.5876807940738601,1238525238,113.71074,278.58047287142654
7,7,2019-04-05 21:48:00,Yes,1238536098,191.81952,632.2193643617696,0.3034065876701567,1238535858,84.70548,290.71610894059415
8,8,2019-04-06 21:19:00,Yes,1238620758,1288.0846,4061.9046177199,0.3171134532260509,1238620458,232.8648,925.0952567029733
9,9,2019-04-07 06:58:00,No,1238655498,271.8885,518.5926543351391,0.5242814330807949,-,-,-
10,10,2019-04-07 11:30:00,No,1238671818,183.66827,549.5004040976102,0.3342459234431686,-,-,-
11,11,2019-04-08 22:48:00,Yes,1238798898,460.46164,970.9511389625176,0.4742377051970022,1238798778,404.68008,883.096019025723
12,12,2019-04-09 18:55:00,Yes,1238871318,1770.531,5474.198109232929,0.3234320287045832,1238870118,319.43008,985.2917404348066
13,13,2019-04-11 09:25:00,Yes,1239009918,939.76465,2922.5127002224986,0.3215605016629879,1239009258,446.83893,2209.408578556391
14,14,2019-04-12 13:09:00,Yes,1239109758,3069.1267,6016.169237690751,0.5101463371030523,1239108558,953.4956,2929.677427783074
15,15,2019-04-12 16:11:00,Yes,1239120678,609.71967,1178.01345564246,0.5175829419261375,1239119478,165.01881,451.32156012595453
16,16,2019-04-14 16:17:00,Yes,1239293838,175.70772,1118.0194261263407,0.1571598094755683,1239292638,86.0189,895.8821202352723
17,17,2019-04-16 05:43:00,No,1239428598,171.35231,487.6231579813776,0.3514031423555646,-,-,-
18,18,2019-04-16 08:28:00,No,1239438498,139.96988,342.9579845371864,0.4081254448380492,-,-,-
19,19,2019-04-16 10:45:00,No,1239446718,210.86061,469.9586425816239,0.4486790770389483,-,-,-
20,20,2019-04-20 23:25:00,No,1239837918,147.7531,356.24644778511856,0.4147496793824088,-,-,-
21,21,2019-04-22 10:34:00,Yes,1239964458,977.9766,2540.1787595190717,0.3850030618259161,1239964158,605.74646,1428.8898776875048
22,22,2019-04-22 18:52:00,Yes,1239994338,181.7327,603.5913172900456,0.3010856763412841,1239993138,39.18685,397.62155813887153
23,23,2019-04-22 22:09:00,Yes,1240006158,1258.9374,5131.759653630969,0.2453227518380056,1240004958,32.381,225.0503170597339
24,24,2019-04-23 06:46:00,Yes,1240037178,2180.9023,4256.376888539665,0.5123846776520425,1240036758,291.7352,1021.357305767208
25,25,2019-04-23 21:32:00,Yes,1240090338,1750.8058,3983.725920599177,0.4394895218435781,1240089978,402.98206,1121.2457903957554
26,26,2019-04-26 06:55:00,No,1240296918,139.67981,307.3810615870877,0.4544190500182318,-,-,-
27,27,2019-04-28 08:06:00,Yes,1240473978,168.1381,450.3650952911953,0.3733373251123867,1240473018,27.492918,44.011767889408574
28,28,2019-04-29 03:25:00,Yes,1240543518,417.39563,903.7693596756128,0.4618386599760524,1240543278,380.00345,801.7030061456197
29,29,2019-04-29 15:47:00,Yes,1240588038,1014.6198,1692.776892739811,0.5993818821320316,1240587618,870.27875,1761.460971101083
30,30,2019-04-30 21:19:00,Yes,1240694358,249.64648,738.7798637216907,0.3379172772013254,1240693158,21.096695,415.7424675860705
0,0,2019-05-03 08:32:00,Yes,1240907538,1518.44,2095.146193944654,0.7247417886105334,1240906998,799.4968,1711.0255430003199
1,1,2019-05-04 02:31:00,No,1240972278,190.39116,410.7410405053591,0.46353088984181,-,-,-
2,2,2019-05-05 07:11:00,No,1241075478,166.85428,606.0881674964625,0.2752970424900662,-,-,-
3,3,2019-05-06 22:25:00,Yes,1241216718,2876.3796,6686.64681747907,0.4301677176191015,1241215518,1269.6722,4686.758001670069
4,4,2019-05-08 14:17:00,Yes,1241360238,572.5901,969.4932935679852,0.5906075924390572,1241359398,110.10745,302.1510443810554
5,5,2019-05-10 01:02:00,Yes,1241485338,1734.6659,4023.9291544977705,0.4310875846462323,1241484138,216.77695,942.2474437957599
6,6,2019-05-10 04:32:00,Yes,1241497938,438.54233,669.5125496603406,0.6550173409333145,1241496738,60.33075,161.9341977558722
7,7,2019-05-12 19:42:00,Yes,1241725338,3139.2532,7431.3081355655,0.4224361502352253,1241724618,208.4689,175.30074281712612
8,8,2019-05-13 01:29:00,No,1241746158,249.95695,587.6049742122425,0.4253826311376931,-,-,-
9,9,2019-05-14 14:21:00,Yes,1241878878,27062.443,52857.91546495621,0.5119846812336345,1241877678,22361.89,45385.209953241305
10,10,2019-05-14 16:23:00,Yes,1241886198,591.5662,1377.007685083322,0.4296026858878457,1241884998,950.85284,2139.6065599932826
11,11,2019-05-14 22:10:00,No,1241907018,153.53885,491.89099590741074,0.3121399888948177,-,-,-
12,12,2019-05-15 06:39:00,Yes,1241937558,194.8307,533.0323249418046,0.3655138551330282,1241936838,91.52239,461.0190326374103
13,13,2019-05-15 15:18:00,No,1241968698,136.85101,275.50971617777344,0.4967193603861741,-,-,-
14,14,2019-05-16 02:32:00,No,1242009138,310.10968,760.2605331651841,0.4078992220060718,-,-,-
15,15,2019-05-16 16:35:00,Yes,1242059718,1806.1486,3319.577467153199,0.5440899083909362,1242059178,94.48778,79.08495321980435
16,16,2019-05-16 23:23:00,Yes,1242084198,362.8608,920.2563845157848,0.3943040288614003,1242084138,326.1195,870.2108651400317
17,17,2019-05-17 20:41:00,Yes,1242160878,249.87383,1184.8770232742086,0.2108858768393665,1242160638,33.767365,540.0456743490296
18,18,2019-05-17 23:49:00,No,1242172158,423.96808,931.968444900906,0.4549167756909189,-,-,-
19,19,2019-05-18 03:31:00,Yes,1242185478,126.54483,224.57106600281455,0.5634956998352317,1242184278,45.263855,103.25025036768193
20,20,2019-05-19 02:24:00,Yes,1242267858,1720.0547,4062.371045295289,0.4234115202233997,1242267558,902.9177,3092.287458189697
21,21,2019-05-19 15:57:00,Yes,1242316638,1407.2961,3161.6506699694355,0.4451143554115688,1242316398,979.31256,2619.4464554385095
22,22,2019-05-21 21:40:00,No,1242510018,178.55229,741.114088083773,0.240924161166151,-,-,-
23,23,2019-05-22 02:11:00,No,1242526278,177.85658,377.6910220612468,0.4709049715541255,-,-,-
24,24,2019-05-22 22:16:00,No,1242598578,131.95816,635.9071086665241,0.2075116918832875,-,-,-
25,25,2019-05-23 09:31:00,Yes,1242639078,915.11633,2613.8732292643194,0.3500997369553233,1242638598,415.08566,1331.5441307325964
26,26,2019-05-23 16:02:00,No,1242662538,201.8723,492.8776409648147,0.4095789364776869,-,-,-
27,27,2019-05-23 19:14:00,No,1242674058,209.10878,760.3515031207097,0.2750159355794722,-,-,-
28,28,2019-05-26 08:04:00,Yes,1242893058,48124.574,110567.92073562431,0.4352489734800137,1242892098,54.575146,70.20210353567059
29,29,2019-05-27 10:24:00,Yes,1242987858,430.4393,1599.4031288689227,0.2691249580738291,1242987738,315.47296,1370.1604522481955
30,30,2019-05-30 09:17:00,Yes,1243243038,36494.984,63308.76872595316,0.5764601765985544,1243242438,165.51851,59.22687486017074
31,31,2019-05-30 12:16:00,No,1243253778,221.7857,325.17094629128536,0.6820587833247754,-,-,-
32,32,2019-05-30 16:05:00,No,1243267518,120.42678,294.92306689391523,0.4083328620860907,-,-,-
33,33,2019-05-31 07:54:00,No,1243324458,331.3626,926.4042501898024,0.3576868304869177,-,-,-
34,34,2019-05-31 12:18:00,Yes,1243340298,1819.9022,5838.722775824444,0.311695257657275,1243339338,676.6367,580.68247119711
0,0,2019-06-01 05:21:00,No,1243401678,109.962585,223.71971964838437,0.4915194117569337,-,-,-
1,1,2019-06-02 11:34:00,Yes,1243510458,1473.7117,4476.027484787319,0.329245453699448,1243510038,419.20197,1001.3920262332033
2,2,2019-06-03 07:34:00,Yes,1243582458,1039.3066,1863.9230126076448,0.5575909482151843,1243581258,90.526596,245.326690147016
3,3,2019-06-04 05:08:00,No,1243660098,303.83752,593.8913500583043,0.5116045552274355,-,-,-
4,4,2019-06-10 09:26:00,No,1244193978,152.74939,348.49234238044784,0.4383149109005214,-,-,-
5,5,2019-06-10 18:22:00,No,1244226138,151.10509,335.3366890683489,0.4506070910994218,-,-,-
6,6,2019-06-13 03:56:00,No,1244433378,123.42868,390.3592524452096,0.3161925309233558,-,-,-
7,7,2019-06-14 00:51:00,Yes,1244508678,965.1438,2565.6849577772737,0.376173932451992,1244507898,499.26254,1313.802929835735
8,8,2019-06-14 04:51:00,No,1244523078,179.11035,457.5610552379492,0.3914457927518674,-,-,-
9,9,2019-06-14 16:47:00,No,1244566038,187.86636,533.7053447450423,0.3520038947515994,-,-,-
10,10,2019-06-14 21:11:00,No,1244581878,122.91957,411.4518806534544,0.2987459184893825,-,-,-
11,11,2019-06-16 01:13:00,Yes,1244682798,5837.2036,10633.704400873456,0.5489341606599982,1244681598,1239.6895,3347.279928602859
12,12,2019-06-16 06:11:00,Yes,1244700678,676.41956,2200.233084617209,0.3074308648157073,1244700918,507.42554,2370.880431503059
13,13,2019-06-16 22:07:00,No,1244758038,132.70757,316.69265898776814,0.4190421414382253,-,-,-
14,14,2019-06-17 07:08:00,Yes,1244790498,767.28937,2782.258112079129,0.2757793630536381,1244789958,460.7169,1394.4717280847153
15,15,2019-06-17 11:47:00,No,1244807238,142.97235,305.5866552765536,0.4678618896843225,-,-,-
16,16,2019-06-17 16:13:00,Yes,1244823198,848.0835,2242.335266139557,0.3782144056718489,1244822598,236.11015,3024.8035922017852
17,17,2019-06-18 14:25:00,Yes,1244903118,2740.8086,6978.448263005713,0.3927533022677302,1244901918,719.05444,1599.7684022787423
18,18,2019-06-18 17:14:00,Yes,1244913258,825.79047,1761.559405366237,0.4687837761726316,1244912058,156.06284,489.93821428988576
19,19,2019-06-18 21:30:00,Yes,1244928618,128.06549,328.6637258783088,0.3896550787823101,1244927418,15.55226,98.60726461378692
20,20,2019-06-19 07:57:00,Yes,1244966238,793.78186,2890.1097695880844,0.2746545713774513,1244965038,266.0706,669.1376142684364
21,21,2019-06-19 18:41:00,Yes,1245004878,1331.6819,3267.595356981536,0.4075418632098163,1245003978,347.91217,994.258095929952
22,22,2019-06-20 00:18:00,No,1245025098,404.58432,900.6601350212464,0.4492086462675023,-,-,-
23,23,2019-06-21 09:48:00,Yes,1245145698,1191.729,3169.6040234338075,0.3759867135418809,1245144678,501.65588,1150.248344936123
24,24,2019-06-22 09:00:00,Yes,1245229218,289.3547,1408.0637794964011,0.2054982907830273,1245228438,8.317202,62.634968407578846
25,25,2019-06-22 13:23:00,Yes,1245244998,790.7828,1539.8238711049164,0.513554059551347,1245244398,329.17923,742.0689688016429
26,26,2019-06-22 22:50:00,Yes,1245279018,786.8275,2175.8408280337144,0.3616199723171148,1245278958,576.6599,2237.03960677948
27,27,2019-06-23 04:13:00,Yes,1245298398,3753.2498,17519.666053465455,0.2142306701820719,1245297198,10.23404,32.628177409933585
28,28,2019-06-24 04:08:00,Yes,1245384498,6862.8784,12075.926924828464,0.5683106930607305,1245383298,2432.2893,8176.443253330387
29,29,2019-06-24 12:45:00,Yes,1245415518,847.2501,1754.4211104626506,0.4829228826234172,1245414558,510.29013,1096.969576887732
30,30,2019-06-24 18:26:00,Yes,1245435978,127.49174,666.4847575384053,0.1912898060427937,1245434778,55.310566,146.7206345877423
31,31,2019-06-25 07:50:00,No,1245484218,168.4849,289.6396696832877,0.5817051931602919,-,-,-
32,32,2019-06-25 09:54:00,Yes,1245491658,3391.4988,7415.796107006499,0.4573344184578762,1245490518,490.57874,1214.4398732863797
33,33,2019-06-26 03:07:00,Yes,1245553638,8871.044,18146.987276511107,0.4888438981539598,1245552438,620.1791,1623.5102923121276
34,34,2019-06-26 05:42:00,Yes,1245562938,4250.4863,9315.38059711078,0.4562869177152368,1245561738,96.77493,238.6103997545692
35,35,2019-06-27 12:08:00,Yes,1245672498,1012.63666,2882.803632980167,0.3512679977280182,1245671958,499.38315,1590.111799453334
36,36,2019-06-28 16:57:00,Yes,1245776238,498.8774,1038.2454859694997,0.48050042763649,1245775038,307.9042,652.826299883994
37,37,2019-06-28 19:24:00,No,1245785058,138.086,398.38416476752303,0.3466151825602306,-,-,-
38,38,2019-06-29 20:35:00,No,1245875718,107.36323,210.863689947606,0.5091594006852338,-,-,-
0,0,2019-07-01 18:22:00,No,1246040538,130.58334,240.9286113538251,0.54200013550166,-,-,-
1,1,2019-07-02 08:59:00,No,1246093158,136.7379,252.7886729438999,0.540917828348842,-,-,-
2,2,2019-07-02 11:14:00,No,1246101258,174.11368,286.50636378608084,0.6077131331365522,-,-,-
3,3,2019-07-02 18:53:00,Yes,1246128798,133.09091,482.5120469436613,0.275829196064694,1246127598,10.85929,47.96607001918607
4,4,2019-07-03 05:12:00,Yes,1246165938,426.6835,1404.026134964321,0.3038999697899803,1246165578,169.06111,1325.0685487774533
5,5,2019-07-04 04:56:00,Yes,1246251378,37915.258,74953.53753442166,0.5058501472674028,1246250358,523.5677,266.85235418388066
6,6,2019-07-04 17:51:00,Yes,1246297878,27724.906,71660.64103622295,0.3868916827856122,1246297158,1233.7833,975.232719797594
7,7,2019-07-05 13:23:00,Yes,1246368198,4584.2646,8727.557161701148,0.525263199663358,1246366998,21.001863,65.41518295151175
8,8,2019-07-06 03:36:00,Yes,1246419378,101645.94,239496.2131617571,0.4244156459014563,1246418718,3614.0244,2535.133485137508
9,9,2019-07-06 09:46:00,Yes,1246441578,253.64346,2041.715514505476,0.1242305591537981,1246440378,29.702187,103.97597881544948
10,10,2019-07-06 14:50:00,No,1246459818,439.4515,935.0913150347798,0.4699557069286383,-,-,-
11,11,2019-07-07 05:56:00,No,1246514178,124.10034,399.611558258334,0.3105524288158196,-,-,-
12,12,2019-07-07 16:28:00,Yes,1246552098,3506.0667,5706.980545320025,0.6143470565840861,1246550898,809.72266,2097.8408723744633
13,13,2019-07-08 08:18:00,No,1246609098,254.44434,491.3321385212509,0.5178662661184638,-,-,-
14,14,2019-07-08 20:11:00,Yes,1246651878,292.8289,722.0158301636259,0.405571301578856,1246650678,62.978302,283.96528475102394
15,15,2019-07-12 01:50:00,No,1246931418,198.00122,700.1239654352978,0.2828088021196274,-,-,-
16,16,2019-07-12 13:32:00,Yes,1246973538,220.46301,722.4143833473939,0.305175277627306,1246972338,76.42117,424.85699929615146
17,17,2019-07-12 21:49:00,Yes,1247003358,430.4897,1270.5695922258772,0.3388163093418885,1247002158,216.01898,1135.3675273581778
18,18,2019-07-14 02:13:00,Yes,1247105598,336.2651,885.316612137231,0.3798246812383051,1247104398,61.956493,591.4120321566112
19,19,2019-07-14 07:15:00,Yes,1247123718,3819.5466,4099.080322580832,0.9318057465131998,1247122518,680.2672,2647.555199674637
20,20,2019-07-14 10:43:00,Yes,1247136198,14195.65,25702.76449440877,0.5523005123860525,1247134998,8724.41,38346.68956440784
21,21,2019-07-15 09:23:00,Yes,1247217798,786.5593,1738.0450823447964,0.4525540263540534,1247216598,152.30147,405.7960163352824
22,22,2019-07-16 23:19:00,No,1247354358,220.81557,523.5389804755303,0.4217748405275063,-,-,-
23,23,2019-07-17 15:24:00,Yes,1247412258,1129.2236,3198.0774755188218,0.3530945102625467,1247412078,464.18588,2726.9144585111985
24,24,2019-07-18 01:37:00,No,1247449038,267.669,661.8646424348357,0.4044165269432012,-,-,-
25,25,2019-07-19 10:42:00,No,1247568138,145.17812,294.405703767502,0.4931226472251028,-,-,-
26,26,2019-07-20 16:13:00,No,1247674398,127.20134,251.41458160617373,0.5059425717767375,-,-,-
27,27,2019-07-21 18:40:00,No,1247769618,197.4684,616.881697327798,0.3201074060964876,-,-,-
28,28,2019-07-23 11:44:00,No,1247917458,217.53621,387.6220487530611,0.5612070074439544,-,-,-
29,29,2019-07-26 01:01:00,No,1248138078,256.98352,599.7396144943187,0.4284918217661514,-,-,-
30,30,2019-07-27 01:01:00,Yes,1248224478,729.9222,1431.7618562102043,0.5098069883856693,1248223938,438.81256,1058.686532419366
31,31,2019-07-27 19:28:00,No,1248290898,207.43716,704.8310832372182,0.2943076219727172,-,-,-
32,32,2019-07-29 21:40:00,No,1248471618,156.7565,356.76066650974417,0.4393884043708571,-,-,-
33,33,2019-07-31 06:08:00,Yes,1248588498,4012.1758,7608.555378764014,0.5273242554293882,1248587958,920.1124,760.780791691557
0,0,2019-08-01 19:11:00,Yes,1248721878,1620.5948,3657.594935755632,0.4430766195998128,1248720678,866.7362,4074.12274826703
1,1,2019-08-01 21:11:00,Yes,1248729078,530.32086,1131.3474555306789,0.4687515381835048,1248727878,316.1276,840.2574309589711
2,2,2019-08-02 06:45:00,No,1248763518,269.65887,436.6667684635418,0.6175392529841993,-,-,-
3,3,2019-08-02 13:37:00,Yes,1248788238,2499.2493,4028.767174335097,0.6203508894535393,1248787038,503.0342,1574.064070787495
4,4,2019-08-07 22:46:00,No,1249253178,396.57907,1011.0417027655174,0.3922479843464729,-,-,-
5,5,2019-08-08 12:23:00,Yes,1249302198,810.7717,1587.4676056210446,0.5107327526742268,1249301838,224.33383,1001.0034071778227
6,6,2019-08-09 18:44:00,No,1249411458,180.03647,500.6979557621546,0.3595710106823809,-,-,-
7,7,2019-08-12 20:50:00,Yes,1249678218,186.47415,415.3235551469077,0.4489852494256932,1249677918,163.5324,155.7292024506958
8,8,2019-08-14 21:59:00,Yes,1249855158,2324.562,8072.90623153304,0.287946116718188,1249854018,236.802,427.0102816420585
9,9,2019-08-15 11:37:00,No,1249904238,125.07005,267.1507335376585,0.4681628545196178,-,-,-
10,10,2019-08-16 13:08:00,No,1249996098,172.28754,685.6778934893885,0.251265997687683,-,-,-
11,11,2019-08-16 15:48:00,Yes,1250005698,779.5142,2775.9425885375404,0.2808106346358821,1250005578,708.71857,2762.1565608278547
12,12,2019-08-17 12:56:00,No,1250081778,190.04918,534.8517973277541,0.3553305438058367,-,-,-
13,13,2019-08-18 19:12:00,No,1250190738,358.54395,692.1708204006962,0.517999227116277,-,-,-
14,14,2019-08-20 14:03:00,Yes,1250344998,440.57614,830.3728200407256,0.5305763018331837,1250344818,384.97058,977.5725867399221
15,15,2019-08-21 16:29:00,No,1250440158,165.61435,348.14293619685134,0.4757079141377617,-,-,-
16,16,2019-08-22 20:24:00,No,1250540658,565.52484,1298.9480630088372,0.435371402525547,-,-,-
17,17,2019-08-28 00:58:00,Yes,1250989098,2136.552,6555.695273402735,0.3259077658274105,1250987898,414.4505,1137.7659158107435
18,18,2019-08-29 00:45:00,Yes,1251074718,754.2743,1824.845734217877,0.4133359252546789,1251074538,290.5716,1283.705622894617
19,19,2019-08-29 15:32:00,Yes,1251127938,27593.623,68058.27971236677,0.4054410883821679,1251126738,10.009536,85.69663455124127
20,20,2019-08-30 06:23:00,No,1251181398,385.18103,887.9618030134139,0.4337810801014616,-,-,-
21,21,2019-08-31 12:18:00,Yes,1251289098,131.9943,205.1297266059437,0.6434674397707476,1251287898,14.925292,61.896991931939155
22,22,2019-08-31 16:32:00,No,1251304338,169.85007,361.8116122724251,0.4694433905347179,-,-,-
0,0,2019-09-01 00:45:00,No,1251333918,130.26814,297.60018762165123,0.4377286890881067,-,-,-
1,1,2019-09-01 05:01:00,Yes,1251349278,647.1105,1438.2139475643785,0.449940359079318,1251349218,640.4894,1485.492894557591
2,2,2019-09-01 16:21:00,Yes,1251390078,565.7161,1349.3686409748302,0.4192450326927023,1251389898,263.03055,1439.6255137376677
3,3,2019-09-02 13:43:00,No,1251466998,249.66147,847.7983611361293,0.2944821333051767,-,-,-
4,4,2019-09-02 23:12:00,Yes,1251501138,2708.4521,6558.531960884082,0.4129662119745017,1251500718,936.1424,2128.6921785780605
5,5,2019-09-05 12:23:00,Yes,1251721398,350.41812,1359.973686412932,0.2576653677206528,1251721278,312.7742,1491.0305716409976
6,6,2019-09-05 15:27:00,Yes,1251732438,10641.14,24775.37737692302,0.4295046585208292,1251731778,786.762,1313.9615443287294
7,7,2019-09-06 16:28:00,No,1251822498,256.9545,592.0486729925535,0.4340090802014716,-,-,-
8,8,2019-09-08 04:33:00,No,1251952398,114.200005,425.42991854233713,0.2684343531627648,-,-,-
9,9,2019-09-09 01:51:00,No,1252029078,153.99326,289.5494127808613,0.5318375835096104,-,-,-
10,10,2019-09-09 04:41:00,No,1252039278,140.58163,394.6223376110957,0.3562434677444555,-,-,-
11,11,2019-09-09 18:30:00,No,1252089018,371.20636,924.4422516080642,0.4015462938374872,-,-,-
12,12,2019-09-09 22:16:00,No,1252102578,130.37167,298.4145439782968,0.4368810858276456,-,-,-
13,13,2019-09-10 06:45:00,No,1252133118,118.477776,213.06410922335584,0.5560663240367684,-,-,-
14,14,2019-09-10 14:31:00,Yes,1252161078,117.57108,304.6843113032368,0.385878352243045,1252159878,60.835976,227.08632406385593
15,15,2019-09-10 21:01:00,Yes,1252184478,2732.4578,9967.56394263814,0.2741349657473874,1252184178,1035.7372,6915.65378766775
16,16,2019-09-14 17:35:00,No,1252517718,276.4739,807.544522210308,0.3423636621833195,-,-,-
17,17,2019-09-14 21:39:00,No,1252532358,179.87117,374.0371248493803,0.4808912218872169,-,-,-
18,18,2019-09-15 07:17:00,No,1252567038,568.8731,1178.1801483738216,0.4828405068487912,-,-,-
19,19,2019-09-17 01:42:00,No,1252719738,186.03525,380.2156931419791,0.4892887204698602,-,-,-
20,20,2019-09-19 07:29:00,No,1252913358,207.24875,219.57681657673547,0.9438553360553564,-,-,-
21,21,2019-09-21 14:56:00,Yes,1253112978,521.7397,997.668474922206,0.5229589920045165,1253111778,50.341938,344.8099559629478
22,22,2019-09-23 18:38:00,No,1253299098,313.24866,737.0707033815582,0.4249913319887319,-,-,-
23,23,2019-09-24 03:45:00,Yes,1253331918,5219.7983,16423.52833564542,0.3178244158821229,1253331018,1649.531,850.2435559227032
24,24,2019-09-24 12:21:00,No,1253362878,428.17255,1247.736614882485,0.3431594015058429,-,-,-
25,25,2019-09-24 22:56:00,No,1253400978,492.84024,735.9635807970816,0.6696530274857241,-,-,-
26,26,2019-09-26 01:16:00,Yes,1253495778,1351.6765,3385.6818815004463,0.399233166998245,1253494578,767.0344,2309.327452489101
27,27,2019-09-26 11:54:00,No,1253534058,727.9024,1348.3461264624673,0.5398483265641375,-,-,-
28,28,2019-09-26 17:13:00,No,1253553198,142.31194,442.4781847712834,0.3216247600400027,-,-,-
29,29,2019-09-27 13:00:00,No,1253624418,493.5131,1920.559549733036,0.2569631855823476,-,-,-
30,30,2019-09-27 15:52:00,No,1253634738,193.93353,628.8751858095827,0.3083815904587483,-,-,-
31,31,2019-09-29 02:27:00,Yes,1253759238,500.0712,298.09672828719806,1.6775467576357022,1253759118,269.66663,109.77446131175365
32,32,2019-09-29 16:37:00,Yes,1253810238,3398.7393,7113.762535663259,0.477769574534036,1253809038,877.2993,1157.8569238484047
33,33,2019-09-29 21:20:00,No,1253827218,442.44833,1375.1978390950335,0.3217343115454273,-,-,-
0,0,2019-11-01 15:39:00,Yes,1256657958,1115.1843,2278.522629207492,0.4894330588184149,1256657718,221.31584,726.6234542825005
1,1,2019-11-02 19:09:00,Yes,1256756958,718.8206,2103.630210056398,0.3417048284264412,1256756718,603.45935,1189.1699227517624
2,2,2019-11-04 23:38:00,Yes,1256945898,3059.8093,9030.725581044868,0.3388220882741047,1256944698,755.6238,1845.2018450621872
3,3,2019-11-05 21:56:00,No,1257026178,249.02866,755.3055904211172,0.3297058345101817,-,-,-
4,4,2019-11-06 00:35:00,No,1257035718,420.257,876.9805874380572,0.4792090110314825,-,-,-
5,5,2019-11-06 22:17:00,Yes,1257113838,169.68433,305.8811595647074,0.5547393969653899,1257112638,27.601252,110.36616003309001
6,6,2019-11-07 23:48:00,Yes,1257205698,860.1075,1670.5348603810578,0.5148695309499887,1257204498,151.12733,290.56134931982575
7,7,2019-11-08 11:11:00,Yes,1257246678,367.59976,988.4518798607758,0.3718944416917662,1257245478,96.81647,501.95646375852687
8,8,2019-11-08 15:26:00,No,1257261978,217.0487,557.3001585509285,0.3894646299121143,-,-,-
9,9,2019-11-09 08:42:00,No,1257324138,419.9845,972.5242142460112,0.4318499157633931,-,-,-
10,10,2019-11-09 19:25:00,No,1257362718,190.57404,385.37499475592654,0.4945158419546608,-,-,-
11,11,2019-11-12 00:13:00,Yes,1257552798,798.8051,1790.6036726546638,0.4461093832203134,1257551598,544.7845,2135.2925006510045
12,12,2019-11-12 21:49:00,Yes,1257630558,139.41447,539.2810841987849,0.2585191175528238,1257629358,59.621956,896.6688300442868
13,13,2019-11-13 16:44:00,Yes,1257698658,659.2133,1371.249745555054,0.480739050006652,1257697458,21.79839,78.88452854803766
14,14,2019-11-14 17:30:00,Yes,1257787818,5238.8706,10427.45989777956,0.5024110043439797,1257786618,1573.4816,3891.9621596318343
15,15,2019-11-14 22:35:00,Yes,1257806118,340.66528,696.3546662561346,0.4892123173835325,1257804918,86.859024,237.62970598338185
16,16,2019-11-16 11:34:00,No,1257939258,152.07869,404.1640124182232,0.3762796422424447,-,-,-
17,17,2019-11-16 13:54:00,No,1257947658,180.88101,442.7440591427545,0.408545312500011,-,-,-
18,18,2019-11-18 14:51:00,No,1258123878,203.03275,451.307894583898,0.449876353674678,-,-,-
19,19,2019-11-19 23:53:00,Yes,1258242798,122.96613,381.70286063219385,0.3221514499428635,1258241598,88.32576,221.6161836072957
20,20,2019-11-20 09:17:00,No,1258276638,609.9028,1228.1855263580742,0.4965884932779972,-,-,-
21,21,2019-11-20 11:51:00,No,1258285878,265.3753,726.8347288389311,0.3651109247681641,-,-,-
22,0,2019-11-20 22:28:42,No,1258324140,363.45767,782.1968850995653,0.4646626404728468,-,-,-
23,1,2019-11-21 01:15:42,Yes,1258334160,1233.7056,2504.680007463009,0.4925601658990446,1258333560,661.86395,2082.1119613660067
24,2,2019-11-23 13:22:42,No,1258550580,304.3238,647.7439416699473,0.4698211444717236,-,-,-
25,3,2019-11-24 01:36:42,Yes,1258594620,4095.7583,10047.563390747537,0.407636970349612,1258594260,1669.5474,5292.590706236533
26,4,2019-11-26 03:45:42,Yes,1258775160,6714.607,13515.17031587797,0.4968200061904885,1258773960,468.3019,2034.0370190515707
27,5,2019-11-26 07:01:42,No,1258786920,245.2458,524.8623578442784,0.4672573605912162,-,-,-
28,6,2019-11-27 07:49:42,No,1258876200,363.92087,836.7908628932321,0.4349006258764962,-,-,-
29,7,2019-11-27 15:39:42,No,1258904400,124.77366,367.7653943230876,0.339275151838741,-,-,-
30,8,2019-11-30 02:06:42,No,1259114820,179.99763,365.694949063749,0.4922070443161146,-,-,-
31,9,2019-11-30 08:01:42,Yes,1259136120,1346.6383,3195.9789224438337,0.4213539365179171,1259136060,1258.8583,2934.140019192874
0,0,2019-12-02 05:46:00,Yes,1259300778,1233.4967,3066.342607166637,0.4022696932551108,1259300658,798.65985,2884.3119615422465
1,1,2019-12-03 09:19:00,No,1259399958,749.588,1320.5107107367246,0.5676500719799525,-,-,-
2,2,2019-12-04 00:27:00,No,1259454438,179.61774,352.94347536480853,0.5089136151740558,-,-,-
3,3,2019-12-04 20:40:00,No,1259527218,116.12794,232.09610891359748,0.500344191652222,-,-,-
4,4,2019-12-06 13:57:00,No,1259675838,539.6907,1256.7184459229838,0.4294444008129679,-,-,-
5,5,2019-12-06 16:35:00,No,1259685318,309.83698,653.7399349280748,0.473945315936816,-,-,-
6,6,2019-12-09 06:33:00,No,1259908398,154.33693,441.573449972448,0.3495158733153677,-,-,-
7,7,2019-12-09 23:06:00,No,1259967978,501.31522,1281.253343256283,0.3912693946428394,-,-,-
8,8,2019-12-10 09:18:00,No,1260004698,164.08122,349.4534397015764,0.4695367146482256,-,-,-
9,0,2019-12-10 18:22:42,Yes,1260037380,798.6415,1421.6941159582298,0.5617533976088177,1260036180,402.91403,4396.418237479611
10,1,2019-12-12 12:41:42,No,1260189720,516.5544,2440.3796030746794,0.2116696924319411,-,-,-
11,2,2019-12-14 06:09:42,No,1260339000,563.95917,967.1481318864154,0.583115607016685,-,-,-
12,3,2019-12-15 07:40:42,Yes,1260430860,3971.9656,8036.425615288522,0.494245301349361,1260429660,2239.3032,7048.631821777596
13,4,2019-12-18 03:01:42,Yes,1260673320,410.60437,655.3122451168165,0.6265782046035251,1260672120,84.70015,355.8214751558884
14,5,2019-12-18 22:19:42,Yes,1260742800,444.36435,968.360901552009,0.4588829942305699,1260741600,34.335316,317.429709438929
15,6,2019-12-19 12:52:42,Yes,1260795180,3414.688,6378.0597221083535,0.5353803740914531,1260794940,1669.7032,3657.7253465501985
16,7,2019-12-19 14:58:42,Yes,1260802740,138.5492,264.58066170528184,0.5236558072952848,1260801540,43.41284,168.49931124407343
17,8,2019-12-20 06:40:42,No,1260859260,303.73444,564.2071113512706,0.5383385531468382,-,-,-
18,9,2019-12-20 09:58:42,No,1260871140,171.8028,303.4774288245491,0.5661139303355742,-,-,-
19,10,2019-12-20 12:09:42,No,1260879000,314.84152,459.2381778992814,0.6855734892081424,-,-,-
20,11,2019-12-21 23:29:42,Yes,1261006200,746.0013,2680.446064342592,0.2783123711847434,1261005000,62.675335,224.58665308368103
21,12,2019-12-23 07:42:42,No,1261122180,155.77469,492.6356134125434,0.3162067170112425,-,-,-
22,13,2019-12-23 16:10:42,Yes,1261152660,1808.5176,5048.744163092962,0.3582113772412001,1261151940,929.7016,1832.814669973421
23,14,2019-12-23 21:20:42,Yes,1261171260,12287.02,46109.10343000291,0.2664770964079277,1261170060,468.6894,1768.7026248382767
24,15,2019-12-24 00:04:42,Yes,1261181100,234.9397,698.4872890594502,0.3363550112935607,1261179900,46.813442,163.8513736681539
25,16,2019-12-25 04:00:42,Yes,1261281660,21260.855,49052.18952390665,0.4334333534619909,1261280640,419.0083,326.0984189236532
26,17,2019-12-25 21:00:42,No,1261342860,1265.2854,2931.2275121008006,0.431657179381881,-,-,-
27,18,2019-12-26 18:03:42,Yes,1261418640,305.5889,666.887026956328,0.4582318858333586,1261418100,50.84568,367.78498440991007
28,19,2019-12-28 11:26:42,No,1261567620,200.82637,413.7388236270709,0.485394066332575,-,-,-
29,20,2019-12-28 22:53:42,No,1261608840,139.23224,398.7913519403631,0.3491355550278366,-,-,-
30,21,2019-12-29 01:24:42,No,1261617900,233.57607,772.7123746870112,0.3022807420349783,-,-,-
31,22,2019-12-30 18:26:42,No,1261765620,207.59055,550.4503021721683,0.3771285966795062,-,-,-
0,0,2020-01-01 09:38:00,No,1261906698,144.91367,294.09781792167126,0.4927396980503802,-,-,-
1,1,2020-01-02 05:39:00,No,1261978758,219.81677,508.5480821008692,0.432243828532225,-,-,-
2,2,2020-01-02 09:27:00,No,1261992438,135.93422,280.6593168830326,0.4843388828479614,-,-,-
3,3,2020-01-02 19:28:00,No,1262028498,171.81223,612.8922178909286,0.2803302521791458,-,-,-
4,4,2020-01-03 04:01:00,No,1262059278,158.82487,552.7754651662731,0.2873225749124484,-,-,-
5,5,2020-01-03 15:39:00,No,1262101158,229.03316,783.4185969484322,0.2923509358753146,-,-,-
6,6,2020-01-05 05:00:00,Yes,1262235618,991.0134,3064.92498681664,0.323340181003682,1262234658,256.87115,238.37781497416114
7,7,2020-01-06 02:10:00,No,1262311818,160.07387,331.67614916025843,0.4826209855766744,-,-,-
8,8,2020-01-06 10:51:00,Yes,1262343078,3325.0022,10754.551326172608,0.3091716334002862,1262342598,731.6479,2187.2327596431874
9,9,2020-01-07 06:26:00,Yes,1262413578,719.1958,335.82773667753,2.1415616444170884,1262412738,25.398106,85.9728705950103
10,10,2020-01-07 08:43:00,Yes,1262421798,21301.344,61826.72517833909,0.3445329497649488,1262420598,338.15225,670.340164252745
11,11,2020-01-07 11:37:00,Yes,1262432238,2587.2522,7580.474415540584,0.3413047862408089,1262431038,77.77862,208.07507714564667
12,12,2020-01-08 12:47:00,No,1262522838,153.25314,492.9245143550209,0.3109059004714501,-,-,-
13,13,2020-01-09 09:22:00,Yes,1262596938,9763.064,29194.72647328548,0.3344119017156627,1262596398,1048.3341,2169.4952418811154
14,14,2020-01-09 11:33:00,Yes,1262604798,272.3512,800.7544659136672,0.3401182404761803,1262603598,135.87512,328.07720985528834
15,15,2020-01-10 15:37:00,Yes,1262705838,695.42096,1617.4728356333458,0.4299428989963207,1262706198,634.6712,2144.638388018001
16,16,2020-01-10 22:45:00,No,1262731518,406.42313,1097.7515039063246,0.3702323600138576,-,-,-
17,17,2020-01-11 02:34:00,No,1262745258,273.35272,541.3905099792224,0.5049085917861595,-,-,-
18,18,2020-01-11 13:13:00,Yes,1262783598,6551.503,15941.073852082236,0.4109825386163829,1262782398,139.7114,1290.732493824034
19,19,2020-01-14 12:45:00,No,1263041118,193.8633,543.3930482967033,0.3567644094963593,-,-,-
20,20,2020-01-15 15:54:00,No,1263138858,223.58302,694.8786676980737,0.3217583592552409,-,-,-
21,21,2020-01-16 09:45:00,No,1263203118,218.97556,499.7612181276374,0.4381603695068519,-,-,-
22,22,2020-01-16 12:27:00,No,1263212838,203.25453,343.5179956882972,0.5916852466280396,-,-,-
23,23,2020-01-16 17:22:00,No,1263230538,295.9508,582.3720909907879,0.5081816326336995,-,-,-
24,24,2020-01-17 02:28:00,No,1263263298,311.50006,994.921098064862,0.313090214496278,-,-,-
25,25,2020-01-17 07:32:00,No,1263281538,493.30038,938.583473350127,0.5255796570114765,-,-,-
26,26,2020-01-18 14:53:00,Yes,1263394398,165.89986,445.40552205261264,0.3724692483278269,1263393198,56.089035,261.2993503341273
27,27,2020-01-18 18:01:00,Yes,1263405678,341.25473,650.6355037308192,0.5244944796944002,1263404478,209.8692,518.5298125284093
28,28,2020-01-19 14:42:00,Yes,1263480138,1503.6881,3817.585238927028,0.3938846170786818,1263478938,231.42596,1097.21698594442
29,29,2020-01-20 07:49:00,Yes,1263541758,227.69078,494.0764284732848,0.4608412117606445,1263540558,166.79236,457.8627605735296
30,30,2020-01-21 09:50:00,Yes,1263635418,386.1918,674.9453966579833,0.5721822860223105,1263634578,25.158348,174.90713178128846
31,31,2020-01-22 11:54:00,No,1263729258,125.25643,306.93182696896537,0.4080920223781973,-,-,-
32,32,2020-01-22 20:22:00,No,1263759738,281.21832,747.7539707756696,0.3760840209357672,-,-,-
33,33,2020-01-23 06:38:00,Yes,1263796698,6724.2007,18274.06376329556,0.3679641697160933,1263795498,467.08047,1121.0095605236768
34,34,2020-01-24 08:16:00,No,1263888978,226.20958,512.5806198279685,0.4413151243913983,-,-,-
35,35,2020-01-24 18:52:00,Yes,1263927138,14349.088,24319.34979432281,0.5900276167477839,1263926118,1329.4377,3310.483518458662
36,36,2020-01-24 22:14:00,Yes,1263939258,785.73663,1537.8939587628336,0.5109173005868947,1263938058,60.75153,416.97263053961433
37,37,2020-01-25 03:21:00,No,1263957678,138.27335,482.4844318057935,0.286586138090476,-,-,-
38,38,2020-01-26 04:44:00,No,1264049058,337.09833,688.2100806045839,0.4898189368337402,-,-,-
39,39,2020-01-26 07:23:00,No,1264058598,1249.1874,2832.2108499753226,0.4410644073377814,-,-,-
40,40,2020-01-26 09:59:00,No,1264067958,453.64377,1213.3300602304955,0.3738832366139692,-,-,-
41,41,2020-01-26 23:21:00,Yes,1264116078,739.03674,1547.005216123863,0.477720910244706,1264115958,535.07513,1379.7065979637446
42,42,2020-01-27 06:03:00,No,1264140198,2475.4802,3953.116813582159,0.6262097268400266,-,-,-
43,43,2020-01-27 15:12:00,No,1264173138,124.901566,314.3438973656446,0.3973405147888543,-,-,-
44,44,2020-01-28 16:41:00,Yes,1264264878,136.12122,374.3814921905841,0.363589608031974,1264263678,45.785492,318.53620544474
45,45,2020-01-28 19:32:00,Yes,1264275138,220566.89,285701.5567450762,0.7720185094994281,1264273938,39.62651,251.68436170207434
46,46,2020-01-28 22:16:00,Yes,1264284978,6853.7676,18830.324818675486,0.3639750065916329,1264283778,1269.0287,3260.7800650124937
47,47,2020-01-29 14:57:00,No,1264345038,139.56511,286.5713329892594,0.4870169969346893,-,-,-
48,48,2020-01-30 02:27:00,No,1264386438,147.87422,457.1930868182453,0.3234393175739042,-,-,-
49,49,2020-01-30 07:07:00,No,1264403238,268.88583,675.3879749113172,0.3981205469867989,-,-,-
50,50,2020-01-30 12:22:00,No,1264422138,523.8752,1087.2561143126125,0.4818323788698171,-,-,-
51,51,2020-01-30 23:47:00,Yes,1264463238,296.7291,658.0459071017862,0.4509246190845195,1264462038,57.623104,122.73937498959859
52,52,2020-01-31 11:57:00,No,1264507038,249.68826,602.0917365102305,0.4147013567188485,-,-,-
0,0,2020-02-02 03:56:00,No,1264650978,1019.889,2638.112556437128,0.3865979855603276,-,-,-
1,1,2020-02-05 11:01:00,No,1264935678,189.71179,692.2464931406207,0.2740523670106373,-,-,-
2,2,2020-02-05 18:32:00,Yes,1264962738,337.19266,287.7628309967366,1.1717728062100694,1264962678,162.83867,296.8240331297222
3,3,2020-02-06 14:50:00,Yes,1265035818,299.09848,710.2491140343436,0.421117709392225,1265034618,120.04693,322.80199670774033
4,4,2020-02-08 15:58:00,No,1265212698,409.67133,851.3721827213452,0.4811894707324326,-,-,-
5,5,2020-02-09 07:10:00,No,1265267418,1064.6001,1616.0901524761705,0.6587504406043325,-,-,-
6,6,2020-02-13 08:31:00,No,1265617878,413.25183,1368.8812828700268,0.3018901895813544,-,-,-
7,7,2020-02-13 11:01:00,Yes,1265626878,3800.1152,10315.51430854828,0.3683883407394349,1265626038,536.3543,354.33775226731063
8,8,2020-02-14 23:43:00,Yes,1265758998,161.34537,462.3478075720996,0.3489696876627655,1265757798,98.53859,382.72133776499436
9,9,2020-02-15 21:42:00,Yes,1265838138,268.87173,1311.209468668131,0.2050562754653595,1265836938,80.68815,482.12778342599694
10,10,2020-02-17 14:01:00,No,1265983278,129.7705,328.2136584132964,0.3953842159627285,-,-,-
11,11,2020-02-18 08:10:00,Yes,1266048618,2749.5093,5904.964733879186,0.4656267097117357,1266048258,197.28882,1625.3521351169936
12,12,2020-02-19 22:02:00,No,1266184938,287.1274,764.9958009994891,0.3753319947963894,-,-,-
13,13,2020-02-20 19:48:00,Yes,1266263298,664.3682,1335.1873644610969,0.4975842474873552,1266263238,649.5467,1367.4192540428046
14,14,2020-02-21 11:07:00,No,1266318438,181.96718,395.64114436643536,0.4599298697596159,-,-,-
15,15,2020-02-22 20:45:00,No,1266439518,196.02298,375.1145444941282,0.5225683271341893,-,-,-
16,16,2020-02-23 06:57:00,No,1266476238,371.71326,825.0376248348196,0.4505409799636962,-,-,-
17,17,2020-02-23 17:06:00,No,1266512778,767.19415,2181.307601094501,0.3517129586010931,-,-,-
18,18,2020-02-24 09:27:00,No,1266571638,188.39629,451.27823960700607,0.4174725778137766,-,-,-
19,19,2020-02-25 00:33:00,No,1266625998,148.61385,483.80101944358125,0.3071796958404936,-,-,-
20,20,2020-02-26 07:57:00,No,1266739038,172.8301,161.6525479215422,1.0691455360411812,-,-,-
0,0,2020-03-02 01:22:00,Yes,1267147338,389.89313,923.3729695581142,0.4222488017887135,1267146138,87.03865,517.5170777164197
1,1,2020-03-06 11:53:00,Yes,1267530798,469.7936,850.6878125044453,0.5522514759167836,1267531218,0.0,0.0
2,2,2020-03-07 04:07:00,Yes,1267589238,1263.8544,6573.398470767404,0.1922680338976092,1267589058,317.53677,1010.1596454191981
3,3,2020-03-07 06:49:00,No,1267598958,251.5574,553.2205076587139,0.4547145243487389,-,-,-
4,4,2020-03-09 03:22:00,Yes,1267759338,3408.7515,16618.165413296552,0.2051220104761133,1267758918,374.78998,1375.9892761334224
5,5,2020-03-09 06:56:00,No,1267772178,230.7041,875.9168531075561,0.2633858444229195,-,-,-
6,6,2020-03-10 11:33:00,No,1267875198,395.83917,914.3035701819788,0.432940636905983,-,-,-
7,7,2020-03-10 15:47:00,Yes,1267890438,239.54065,591.1000944581002,0.4052454943686017,1267889238,0.0,0.0
8,8,2020-03-11 20:50:00,Yes,1267995018,119.98913,331.068998114828,0.3624293747926919,1267995978,44.09306,246.54337912457814
9,9,2020-03-12 13:46:00,No,1268055978,343.69296,805.1858725411537,0.4268492179517638,-,-,-
10,10,2020-03-12 17:03:00,No,1268067798,134.4983,347.1327725842808,0.387454918182192,-,-,-
11,11,2020-03-14 11:01:00,Yes,1268218878,3055.3584,4681.643650282098,0.6526251522402599,1268218758,2043.7097,4565.758874843152
12,12,2020-03-15 23:17:00,No,1268349438,125.46499,247.02954011139803,0.5078946831355534,-,-,-
13,13,2020-03-16 08:18:00,No,1268381898,512.84814,1111.1117784857202,0.4615630487680866,-,-,-
14,14,2020-03-16 13:01:00,Yes,1268398878,125.54942,202.6802898734815,0.619445630743726,1268400018,28.949846,83.23083185089567
15,15,2020-03-17 16:59:00,Yes,1268499558,341.12262,762.0697066271575,0.4476265321052765,1268498358,135.44904,890.4137723457842
16,16,2020-03-18 13:26:00,Yes,1268573178,6982.8154,25208.781009995804,0.2769993280211038,1268572758,915.01135,2060.606828258608
17,17,2020-03-18 16:07:00,No,1268582838,178.48213,580.3211496387252,0.307557513819913,-,-,-
18,18,2020-03-18 18:07:00,No,1268590038,998.4679,595.1516444884953,1.677669732153955,-,-,-
19,19,2020-03-18 22:32:00,No,1268605938,206.20493,915.2068770125044,0.2253096378308602,-,-,-
20,20,2020-03-20 02:51:00,No,1268707878,251.46426,494.4355255905971,0.5085885762347458,-,-,-
21,21,2020-03-20 08:29:00,No,1268728158,207.12143,518.1752520355444,0.3997130877755475,-,-,-
22,22,2020-03-21 01:41:00,No,1268790078,311.7462,525.0982062593656,0.5936912301049013,-,-,-
23,23,2020-03-22 06:11:00,No,1268892678,172.32417,409.4640954970408,0.4208529438724509,-,-,-
24,24,2020-03-22 23:05:00,No,1268953518,1001.10614,2137.3403519853946,0.4683887332544222,-,-,-
25,25,2020-03-25 03:39:00,Yes,1269142758,70338.62,159581.37184309732,0.440769616074976,1269141558,7430.613,15887.431137403302
26,26,2020-03-26 16:45:00,No,1269276318,263.59763,604.5697901494335,0.4360086036301048,-,-,-
27,27,2020-03-26 22:50:00,Yes,1269298218,232.34837,549.8419348928127,0.4225730255465045,1269297018,27.567244,188.68659867248468
